"","variable","acf2","acf1","response"
"1","ebs.spr.sst","0.318651342502626","0.321236204962959","NPGO"
"2","ebs.win.sst","0.560402289874837","0.557995344845202","NPGO"
"3","EBSsumNW","-0.0892012906085783","-0.092908263461164","NPGO"
"4","EBSsumSE","0.197446473338711","0.120980424999602","NPGO"
"5","EBSwinNW","-0.00118906704359055","0.00543541083570657","NPGO"
"6","EBSwinSE","0.268215292788139","0.245004856955251","NPGO"
"7","ICE_57.75_164.5","0.329072910051149","0.329072660352263","NPGO"
"8","ICE_58.75_170.5","0.331909347706636","0.33184289815019","NPGO"
"9","ICE_64.25_163.5","0.437570363304185","0.438035204567079","NPGO"
