"","variable","acf2","acf1","response"
"1","flathead.sole","0.349631119389456","0.34960152111026","NPGO"
"2","pollock","0.132226032989109","0.132224057255369","NPGO"
"3","turbot","0.886254523115322","0.886253118655919","NPGO"
"4","yellowfin","0.130003377035739","0.129924114808384","NPGO"
