"","variable","acf2","acf1","response"
"1","bifur","-0.134232014487901","-0.119245497003811","NPGO"
"2","spr.sum.sst","0.434035725608855","0.427556054724457","NPGO"
"3","spr.sum.UW.48","0.17317462319217","0.17291101859024","NPGO"
"4","spr.sum.UW.51","0.00416958675317454","0.00395728049703403","NPGO"
"5","transition","0.0971501535604573","0.096220035363813","NPGO"
"6","win.sst","0.452462757526198","0.461452695499871","NPGO"
"7","win.UW.48","0.129797856722821","0.129691572764692","NPGO"
"8","win.UW.51","-0.160039466395876","-0.160161770906876","NPGO"
