"","variable","acf2","acf1","response"
"1","ssh.mean.spr","0.216978762927115","0.180099332640843","NPGO"
"2","ssh.mean.win","0.0802484029346731","0.134993456423725","NPGO"
"3","sst.mean.spr","0.452783466106672","0.465009924042615","NPGO"
"4","sst.mean.win","0.221354575045597","0.225274526375264","NPGO"
"5","uw.mean.spr","0.081523861940209","0.0816170517133073","NPGO"
"6","uw.mean.win","0.221552505667016","0.221975467135663","NPGO"
