"","variable","acf2","acf1","response"
"1","flathead.sole","0.349709960017639","0.34960152111026","NPGO"
"2","pollock","0.132233802667423","0.132224057255369","NPGO"
"3","turbot","0.88625633382144","0.886253118655918","NPGO"
"4","yellowfin","0.130157602891649","0.129924114808384","NPGO"
