"","variable","acf2","acf1","response"
"1","SBRD.ASSP.PROD","0.487354241403985","0.509095353919374","NPGO"
"2","SBRD.BRCO.PROD","0.151147037378396","0.147296115999216","NPGO"
"3","SBRD.CAAU.PROD","0.537969238904149","0.586328313476268","NPGO"
"4","SBRD.COMU.PROD","-0.0812250019214365","-0.097464543859877","NPGO"
"5","SBRD.PECO.PROD","-0.0581833342102338","0.086483732021031","NPGO"
"6","SBRD.PIGO.PROD","-0.461484592524354","-0.132555198310328","NPGO"
"7","SBRD.WEGO.PROD","0.610797740681897","0.601455673385892","NPGO"
