"","variable","acf2","acf1","response"
"1","r_o2","0.647670245262251","0.589018394504608","NPGO"
"2","r_salinity","0.410736455507901","0.468967620091695","NPGO"
"3","r_temp","0.263126877282691","0.28355214644991","NPGO"
