"","variable","acf2","acf1","response"
"1","ebs.spr.sst","0.319759297908234","0.321236204962959","NPGO"
"2","ebs.win.sst","0.558740744180023","0.557995344845202","NPGO"
"3","EBSsumNW","-0.0896862317439307","-0.0929082634611641","NPGO"
"4","EBSsumSE","0.208375970673596","0.120980424999602","NPGO"
"5","EBSwinNW","-0.000798074827685201","0.00543541083570655","NPGO"
"6","EBSwinSE","0.272383463041035","0.245004856955251","NPGO"
"7","ICE_57.75_164.5","0.329070517902963","0.329072660352263","NPGO"
"8","ICE_58.75_170.5","0.331916990152807","0.33184289815019","NPGO"
"9","ICE_64.25_163.5","0.437521263733336","0.438035204567079","NPGO"
