"","variable","acf2","acf1","response"
"1","r_o2","0.642370431091439","0.589018394504607","NPGO"
"2","r_salinity","0.380909737355213","0.468967620091693","NPGO"
"3","r_temp","0.264804588914578","0.28355214644991","NPGO"
