"","variable","acf2","acf1","response"
"1","bifur","-0.136664144951728","-0.119245497003811","NPGO"
"2","spr.sum.sst","0.433404140805256","0.427556054724457","NPGO"
"3","spr.sum.UW.48","0.173197777953968","0.17291101859024","NPGO"
"4","spr.sum.UW.51","0.00416107508293082","0.00395728049703401","NPGO"
"5","transition","0.0969694987885557","0.096220035363813","NPGO"
"6","win.sst","0.454518258381885","0.461452695499871","NPGO"
"7","win.UW.48","0.129808434017051","0.129691572764692","NPGO"
"8","win.UW.51","-0.160018285321848","-0.160161770906876","NPGO"
