"","variable","acf2","acf1","response"
"1","ssh.mean.spr","0.2203994495674","0.180099332640843","NPGO"
"2","ssh.mean.win","0.0676749945956338","0.134993456423725","NPGO"
"3","sst.mean.spr","0.451143491083413","0.465009924042616","NPGO"
"4","sst.mean.win","0.220665802218361","0.225274526375264","NPGO"
"5","uw.mean.spr","0.0815201161627538","0.0816170517133073","NPGO"
"6","uw.mean.win","0.222505299103294","0.221975467135663","NPGO"
