"","variable","acf2","acf1","response"
"1","bifur","-0.165023103911388","-0.119245497003811","NPGO"
"2","spr.sum.sst","0.440314765275934","0.427556054724457","NPGO"
"3","spr.sum.UW.48","0.1736791859328","0.17291101859024","NPGO"
"4","spr.sum.UW.51","0.0045623722466138","0.00395728049703404","NPGO"
"5","transition","0.0986975836742201","0.096220035363813","NPGO"
"6","win.sst","0.429267325024191","0.461452695499871","NPGO"
"7","win.UW.48","0.130654560479154","0.129691572764692","NPGO"
"8","win.UW.51","-0.159522402352432","-0.160161770906876","NPGO"
