"","variable","acf2","acf1","response"
"1","SBRD.ASSP.PROD","0.491526841033417","0.509095353919373","NPGO"
"2","SBRD.BRCO.PROD","0.150852980257893","0.147296115999216","NPGO"
"3","SBRD.CAAU.PROD","0.549961087169156","0.586328313476268","NPGO"
"4","SBRD.COMU.PROD","-0.0675640853356934","-0.097464543859877","NPGO"
"5","SBRD.PECO.PROD","-0.136040860734069","0.0864837320210309","NPGO"
"6","SBRD.PIGO.PROD","-0.343436301643683","-0.132555198310328","NPGO"
"7","SBRD.WEGO.PROD","0.611175864368838","0.601455673385892","NPGO"
