"","variable","acf2","acf1","response"
"1","Advection","-0.0702240864307198","-0.065203585608945","NPGO"
"2","Downwelling","0.101557370869181","0.103307674657235","NPGO"
"3","Freshwater","0.0754968458125869","0.0744106978184181","NPGO"
"4","SLP.gradient","0.165229355298468","0.164403456384164","NPGO"
"5","SSH","0.12953031187907","0.171897837799105","NPGO"
"6","SST","0.247997907527633","0.267074346694774","NPGO"
"7","Wind.stress","-0.0273056085220358","-0.0436154602018297","NPGO"
