"","variable","acf2","acf1","response"
"1","Advection","-0.0699843245762555","-0.0652035856089449","NPGO"
"2","Downwelling","0.101713911880098","0.103307674657235","NPGO"
"3","Freshwater","0.0754674060376515","0.0744106978184182","NPGO"
"4","SLP.gradient","0.16510499065396","0.164403456384163","NPGO"
"5","SSH","0.131800142679304","0.171897837799105","NPGO"
"6","SST","0.24896305859514","0.267074346694774","NPGO"
"7","Wind.stress","-0.0265659737819886","-0.0436154602018296","NPGO"
