"","variable","acf2","acf1","response"
"1","ebs.spr.sst","0.322435773750535","0.321236204962959","NPGO"
"2","ebs.win.sst","0.554489960084291","0.557995344845202","NPGO"
"3","EBSsumNW","-0.120508705351921","-0.0929082634611638","NPGO"
"4","EBSsumSE","0.1105746155185","0.120980424999599","NPGO"
"5","EBSwinNW","0.00147895607937264","0.00543541083570656","NPGO"
"6","EBSwinSE","0.208616697805308","0.245004856955251","NPGO"
"7","ICE_57.75_164.5","0.32906550723526","0.329072660352263","NPGO"
"8","ICE_58.75_170.5","0.331889396224603","0.33184289815019","NPGO"
"9","ICE_64.25_163.5","0.437784455832837","0.438035204567079","NPGO"
