"","variable","acf2","acf1","response"
"1","ebs.spr.sst","0.322431517996805","0.321236204962959","NPGO"
"2","ebs.win.sst","0.553129003255675","0.557995344845202","NPGO"
"3","EBSsumNW","-0.120543255390079","-0.0929082634611635","NPGO"
"4","EBSsumSE","0.110283637187461","0.120980424999592","NPGO"
"5","EBSwinNW","0.00175786114597944","0.00543541083570652","NPGO"
"6","EBSwinSE","0.206989066708951","0.245004856955251","NPGO"
"7","ICE_57.75_164.5","0.329064278035335","0.329072660352263","NPGO"
"8","ICE_58.75_170.5","0.331892334297668","0.33184289815019","NPGO"
"9","ICE_64.25_163.5","0.43776200203511","0.438035204567079","NPGO"
