"","variable","acf2","acf1","response"
"1","SBRD.ASSP.PROD","0.48403779669401","0.509095353919374","NPGO"
"2","SBRD.BRCO.PROD","0.151827619367686","0.147296115999216","NPGO"
"3","SBRD.CAAU.PROD","0.304788661605849","0.586328313476268","NPGO"
"4","SBRD.COMU.PROD","-0.0155605318343023","-0.097464543859877","NPGO"
"5","SBRD.PECO.PROD","-0.178704432676268","0.086483732021031","NPGO"
"6","SBRD.PIGO.PROD","-0.430738559311786","-0.132555198310328","NPGO"
"7","SBRD.WEGO.PROD","0.616583640378028","0.601455673385892","NPGO"
