"","variable","acf2","acf1","response"
"1","r_o2","0.642295646980761","0.589018394504607","NPGO"
"2","r_salinity","0.554743821093653","0.468967620091701","NPGO"
"3","r_temp","0.262409417308422","0.28355214644991","NPGO"
