"","variable","acf2","acf1","response"
"1","r_o2","0.642574068622262","0.589018394504608","NPGO"
"2","r_salinity","0.556656735577055","0.468967620091699","NPGO"
"3","r_temp","0.262083808417569","0.28355214644991","NPGO"
