"","variable","acf2","acf1","response"
"1","SBRD.ASSP.PROD","0.488451662358168","0.509095353919374","NPGO"
"2","SBRD.BRCO.PROD","0.151948154813908","0.147296115999216","NPGO"
"3","SBRD.CAAU.PROD","0.549909130614211","0.586328313476268","NPGO"
"4","SBRD.COMU.PROD","-0.0674515473255564","-0.097464543859877","NPGO"
"5","SBRD.PECO.PROD","-0.132766066651675","0.086483732021031","NPGO"
"6","SBRD.PIGO.PROD","-0.333657265375787","-0.132555198310328","NPGO"
"7","SBRD.WEGO.PROD","0.611418555250908","0.601455673385892","NPGO"
