"","variable","acf2","acf1","response"
"1","Advection","-0.0754746275211961","-0.0652035856089447","NPGO"
"2","Downwelling","0.100346723007666","0.103307674657235","NPGO"
"3","Freshwater","0.0775605013076277","0.0744106978184181","NPGO"
"4","SLP.gradient","0.165630461700779","0.164403456384163","NPGO"
"5","SSH","0.134123769162605","0.171897837799105","NPGO"
"6","SST","0.231136639152408","0.267074346694774","NPGO"
"7","Wind.stress","-0.00166810964905877","-0.0436154602018295","NPGO"
