"","variable","acf2","acf1","response"
"1","r_o2","0.650559026758087","0.589018394504608","NPGO"
"2","r_salinity","0.423723546541929","0.468967620091702","NPGO"
"3","r_temp","0.263100143602647","0.28355214644991","NPGO"
