"","variable","acf2","acf1","response"
"1","ssh.mean.spr","0.218093546296491","0.180099332640843","NPGO"
"2","ssh.mean.win","0.078480285585085","0.134993456423725","NPGO"
"3","sst.mean.spr","0.452189428779731","0.465009924042615","NPGO"
"4","sst.mean.win","0.221346063114113","0.225274526375264","NPGO"
"5","uw.mean.spr","0.0815280462877151","0.0816170517133074","NPGO"
"6","uw.mean.win","0.221536189562091","0.221975467135663","NPGO"
