"","variable","acf2","acf1","response"
"1","flathead.sole","0.349705915586228","0.34960152111026","NPGO"
"2","pollock","0.132233086549896","0.132224057255369","NPGO"
"3","turbot","0.886256870214517","0.886253118655919","NPGO"
"4","yellowfin","0.130112583815558","0.129924114808384","NPGO"
