"","variable","acf2","acf1","response"
"1","bifur","-0.163157405648764","-0.119245497003811","NPGO"
"2","spr.sum.sst","0.439951656698504","0.427556054724457","NPGO"
"3","spr.sum.UW.48","0.173704007240123","0.17291101859024","NPGO"
"4","spr.sum.UW.51","0.00454994651352736","0.00395728049703403","NPGO"
"5","transition","0.0985926854952811","0.096220035363813","NPGO"
"6","win.sst","0.431970955560402","0.461452695499871","NPGO"
"7","win.UW.48","0.130579950145541","0.129691572764692","NPGO"
"8","win.UW.51","-0.159564601770507","-0.160161770906876","NPGO"
