"","variable","acf2","acf1","response"
"1","ssh.mean.spr","0.224899353679054","0.180099332640843","NPGO"
"2","ssh.mean.win","0.0629335157749182","0.134993456423725","NPGO"
"3","sst.mean.spr","0.448580074930632","0.465009924042615","NPGO"
"4","sst.mean.win","0.220172313602551","0.225274526375264","NPGO"
"5","uw.mean.spr","0.0815197416424053","0.0816170517133073","NPGO"
"6","uw.mean.win","0.222582449304891","0.221975467135663","NPGO"
