"","variable","acf2","acf1","response"
"1","Advection","-0.0754541275998284","-0.0652035856089449","NPGO"
"2","Downwelling","0.10011882437699","0.103307674657235","NPGO"
"3","Freshwater","0.0774949569064016","0.0744106978184181","NPGO"
"4","SLP.gradient","0.166018256016994","0.164403456384164","NPGO"
"5","SSH","0.13328069912734","0.171897837799105","NPGO"
"6","SST","0.231503799452043","0.267074346694774","NPGO"
"7","Wind.stress","-0.000857515243953017","-0.0436154602018297","NPGO"
