"","variable","acf2","acf1","response"
"1","ssh.mean.spr","0.163033552559369","0.180099332640843","PDO"
"2","ssh.mean.win","0.156988314585171","0.134993456423725","PDO"
"3","sst.mean.spr","0.407346307591418","0.465009924042616","PDO"
"4","sst.mean.win","0.23583955302234","0.225274526375261","PDO"
"5","uw.mean.spr","0.0816167926307278","0.0816170517133073","PDO"
"6","uw.mean.win","0.221509025059184","0.221975467135663","PDO"
