"","variable","acf2","acf1","response"
"1","Advection","-0.0793395141848028","-0.065203585608945","PDO"
"2","Downwelling","0.105233789175564","0.103307674657235","PDO"
"3","Freshwater","0.0807676704336143","0.0744106978184182","PDO"
"4","SLP.gradient","0.153963091926928","0.164403456384163","PDO"
"5","SSH","0.200112863170576","0.171897837799105","PDO"
"6","SST","0.0758187698151526","0.267074346694775","PDO"
"7","Wind.stress","-0.0139574045429182","-0.0436154602018296","PDO"
