"","variable","acf2","acf1","response"
"1","ebs.spr.sst","0.367933158987636","0.32123620496296","PDO"
"2","ebs.win.sst","0.434480502817179","0.557995344845202","PDO"
"3","EBSsumNW","-0.0984729335170329","-0.0929082634611639","PDO"
"4","EBSsumSE","0.0944517974184555","0.120980424999602","PDO"
"5","EBSwinNW","0.000716123569174078","0.00543541083570655","PDO"
"6","EBSwinSE","0.228646827850449","0.245004856955251","PDO"
"7","ICE_57.75_164.5","0.329120928038217","0.329072660352263","PDO"
"8","ICE_58.75_170.5","0.33169442332545","0.33184289815019","PDO"
"9","ICE_64.25_163.5","0.438970183117165","0.438035204567079","PDO"
