"","variable","acf2","acf1","response"
"1","r_o2","0.611564008010397","0.589018394504607","PDO"
"2","r_salinity","0.500929244940534","0.468967620091699","PDO"
"3","r_temp","0.327900560070386","0.283552146449911","PDO"
