"","variable","acf2","acf1","response"
"1","bifur","-0.129933934819475","-0.119245497003811","PDO"
"2","spr.sum.sst","0.435601746317255","0.427556054724457","PDO"
"3","spr.sum.UW.48","0.172974926786912","0.17291101859024","PDO"
"4","spr.sum.UW.51","0.00404945358689442","0.00395728049703403","PDO"
"5","transition","0.0963776590189434","0.0962200353638129","PDO"
"6","win.sst","0.473063820763298","0.461452695499871","PDO"
"7","win.UW.48","0.129415030690266","0.129691572764692","PDO"
"8","win.UW.51","-0.160256943660652","-0.160161770906876","PDO"
