"","variable","acf2","acf1","response"
"1","Advection","-0.0815864903360318","-0.065203585608945","PDO"
"2","Downwelling","0.106927145581863","0.103307674657235","PDO"
"3","Freshwater","0.0868374304277445","0.0744106978184182","PDO"
"4","SLP.gradient","0.151125306297212","0.164403456384163","PDO"
"5","SSH","0.196043754437082","0.171897837799105","PDO"
"6","SST","0.35946562217281","0.267074346694773","PDO"
"7","Wind.stress","-0.0164308098115875","-0.0436154602018297","PDO"
