"","variable","acf2","acf1","response"
"1","flathead.sole","0.349333319956933","0.34960152111026","PDO"
"2","pollock","0.132220587121361","0.132224057255369","PDO"
"3","turbot","0.886234113284947","0.886253118655919","PDO"
"4","yellowfin","0.130114846366349","0.129924114808384","PDO"
