"","variable","acf2","acf1","response"
"1","flathead.sole","0.349334031143429","0.34960152111026","PDO"
"2","pollock","0.132220960658515","0.132224057255369","PDO"
"3","turbot","0.886233819826938","0.886253118655918","PDO"
"4","yellowfin","0.130101144625489","0.129924114808384","PDO"
