"","variable","acf2","acf1","response"
"1","SBRD.ASSP.PROD","0.455409431253163","0.509095353919374","PDO"
"2","SBRD.BRCO.PROD","0.14985237649269","0.147296115999216","PDO"
"3","SBRD.CAAU.PROD","0.589392297707114","0.586328313476268","PDO"
"4","SBRD.COMU.PROD","-0.105426990148215","-0.097464543859877","PDO"
"5","SBRD.PECO.PROD","0.0966244790395417","0.086483732021031","PDO"
"6","SBRD.PIGO.PROD","-0.12387417860779","-0.132555198310328","PDO"
"7","SBRD.WEGO.PROD","0.599618628137831","0.601455673385892","PDO"
