"","variable","acf2","acf1","response"
"1","ebs.spr.sst","0.371228868716724","0.321236204962959","PDO"
"2","ebs.win.sst","0.298644616422707","0.557995344845202","PDO"
"3","EBSsumNW","-0.103495817169588","-0.0929082634611639","PDO"
"4","EBSsumSE","0.090017675015954","0.120980424999602","PDO"
"5","EBSwinNW","-0.00118547487909513","0.00543541083570654","PDO"
"6","EBSwinSE","0.22728570155418","0.245004856955251","PDO"
"7","ICE_57.75_164.5","0.329150377221742","0.329072660352263","PDO"
"8","ICE_58.75_170.5","0.331627061052223","0.33184289815019","PDO"
"9","ICE_64.25_163.5","0.439017055512157","0.438035204567079","PDO"
