"","variable","acf2","acf1","response"
"1","ssh.mean.spr","0.162807457177203","0.180099332640843","PDO"
"2","ssh.mean.win","0.157309919427434","0.134993456423725","PDO"
"3","sst.mean.spr","0.407540143454642","0.465009924042615","PDO"
"4","sst.mean.win","0.236496849249538","0.225274526375262","PDO"
"5","uw.mean.spr","0.0816165429793834","0.0816170517133073","PDO"
"6","uw.mean.win","0.221458439560724","0.221975467135663","PDO"
