"","variable","acf2","acf1","response"
"1","r_o2","0.621006912135119","0.589018394504608","PDO"
"2","r_salinity","0.488564504141239","0.468967620091699","PDO"
"3","r_temp","0.323038850146476","0.283552146449909","PDO"
