"","variable","acf2","acf1","response"
"1","r_o2","0.614360376280087","0.589018394504608","PDO"
"2","r_salinity","0.506240314428275","0.468967620091701","PDO"
"3","r_temp","0.33053298768041","0.28355214644991","PDO"
