"","variable","acf2","acf1","response"
"1","SBRD.ASSP.PROD","0.473446866737044","0.509095353919373","PDO"
"2","SBRD.BRCO.PROD","0.14777686801202","0.147296115999216","PDO"
"3","SBRD.CAAU.PROD","0.587975830142681","0.586328313476268","PDO"
"4","SBRD.COMU.PROD","-0.10110666012539","-0.097464543859877","PDO"
"5","SBRD.PECO.PROD","0.0930843457661642","0.0864837320210311","PDO"
"6","SBRD.PIGO.PROD","-0.116634873326257","-0.132555198310328","PDO"
"7","SBRD.WEGO.PROD","0.599866211312297","0.601455673385892","PDO"
