"","variable","acf2","acf1","response"
"1","SBRD.ASSP.PROD","0.414718630450596","0.509095353919373","PDO"
"2","SBRD.BRCO.PROD","0.146275771440651","0.147296115999216","PDO"
"3","SBRD.CAAU.PROD","0.609985144776548","0.586328313476268","PDO"
"4","SBRD.COMU.PROD","-0.100124403742289","-0.097464543859877","PDO"
"5","SBRD.PECO.PROD","0.109553147838788","0.0864837320210309","PDO"
"6","SBRD.PIGO.PROD","-0.0951619757947113","-0.132555198310328","PDO"
"7","SBRD.WEGO.PROD","0.591606871651344","0.601455673385892","PDO"
