"","variable","acf2","acf1","response"
"1","ssh.mean.spr","0.170724243842794","0.180099332640843","PDO"
"2","ssh.mean.win","0.150295912921963","0.134993456423725","PDO"
"3","sst.mean.spr","0.407957881792565","0.465009924042612","PDO"
"4","sst.mean.win","0.228488005144334","0.225274526375265","PDO"
"5","uw.mean.spr","0.0816228243824383","0.0816170517133073","PDO"
"6","uw.mean.win","0.221754809049063","0.221975467135663","PDO"
