"","variable","acf2","acf1","response"
"1","SBRD.ASSP.PROD","0.412310417760231","0.509095353919373","PDO"
"2","SBRD.BRCO.PROD","0.146817228607264","0.147296115999216","PDO"
"3","SBRD.CAAU.PROD","0.609579408501655","0.586328313476268","PDO"
"4","SBRD.COMU.PROD","-0.102855505284778","-0.097464543859877","PDO"
"5","SBRD.PECO.PROD","0.111415063645919","0.086483732021031","PDO"
"6","SBRD.PIGO.PROD","-0.097730449293764","-0.132555198310328","PDO"
"7","SBRD.WEGO.PROD","0.592833831677419","0.601455673385892","PDO"
