"","variable","acf2","acf1","response"
"1","ssh.mean.spr","0.162552249607346","0.180099332640843","PDO"
"2","ssh.mean.win","0.157061324619359","0.134993456423725","PDO"
"3","sst.mean.spr","0.407585580183654","0.465009924042614","PDO"
"4","sst.mean.win","0.235765167315463","0.225274526375266","PDO"
"5","uw.mean.spr","0.0816168556392304","0.0816170517133073","PDO"
"6","uw.mean.win","0.221480857498471","0.221975467135663","PDO"
