"","variable","acf2","acf1","response"
"1","ebs.spr.sst","0.37009796011157","0.321236204962959","PDO"
"2","ebs.win.sst","0.426338424551994","0.557995344845202","PDO"
"3","EBSsumNW","-0.0985336955251754","-0.092908263461164","PDO"
"4","EBSsumSE","0.0925015928120051","0.120980424999602","PDO"
"5","EBSwinNW","0.000318925533558582","0.00543541083570654","PDO"
"6","EBSwinSE","0.22742877280227","0.245004856955251","PDO"
"7","ICE_57.75_164.5","0.329125844240027","0.329072660352263","PDO"
"8","ICE_58.75_170.5","0.331693046694627","0.33184289815019","PDO"
"9","ICE_64.25_163.5","0.438970510715164","0.438035204567079","PDO"
