"","variable","acf2","acf1","response"
"1","flathead.sole","0.349174958673964","0.34960152111026","PDO"
"2","pollock","0.132208173282886","0.132224057255369","PDO"
"3","turbot","0.886229715723272","0.886253118655919","PDO"
"4","yellowfin","0.130127654859669","0.129924114808384","PDO"
