"","variable","acf2","acf1","response"
"1","r_o2","0.617949861817276","0.589018394504608","PDO"
"2","r_salinity","0.492852824484945","0.468967620091697","PDO"
"3","r_temp","0.322896424953211","0.283552146449911","PDO"
