"","variable","acf2","acf1","response"
"1","ebs.spr.sst","0.372788153889416","0.32123620496296","PDO"
"2","ebs.win.sst","0.299818084902162","0.557995344845202","PDO"
"3","EBSsumNW","-0.10470915412586","-0.0929082634611639","PDO"
"4","EBSsumSE","0.0885859593918132","0.120980424999602","PDO"
"5","EBSwinNW","-0.00123037615098094","0.00543541083570644","PDO"
"6","EBSwinSE","0.227527028674945","0.245004856955251","PDO"
"7","ICE_57.75_164.5","0.329150331229597","0.329072660352263","PDO"
"8","ICE_58.75_170.5","0.331622962875916","0.33184289815019","PDO"
"9","ICE_64.25_163.5","0.439088156101275","0.438035204567079","PDO"
