"","variable","acf2","acf1","response"
"1","bifur","-0.128254679407752","-0.119245497003811","PDO"
"2","spr.sum.sst","0.434626089810537","0.427556054724457","PDO"
"3","spr.sum.UW.48","0.17284479268446","0.17291101859024","PDO"
"4","spr.sum.UW.51","0.0040158381305752","0.00395728049703402","PDO"
"5","transition","0.0962912192836286","0.096220035363813","PDO"
"6","win.sst","0.478481133535811","0.461452695499871","PDO"
"7","win.UW.48","0.129460639967964","0.129691572764692","PDO"
"8","win.UW.51","-0.160265032327771","-0.160161770906876","PDO"
