"","variable","acf2","acf1","response"
"1","bifur","-0.129343477520968","-0.119245497003811","PDO"
"2","spr.sum.sst","0.435562182158034","0.427556054724457","PDO"
"3","spr.sum.UW.48","0.172976244782789","0.17291101859024","PDO"
"4","spr.sum.UW.51","0.00403793611256177","0.00395728049703403","PDO"
"5","transition","0.096377019867872","0.096220035363813","PDO"
"6","win.sst","0.478803385511879","0.461452695499871","PDO"
"7","win.UW.48","0.129434952830984","0.129691572764692","PDO"
"8","win.UW.51","-0.160246229984511","-0.160161770906876","PDO"
