"","variable","acf2","acf1","response"
"1","ebs.spr.sst","0.374204525863964","0.321236204962959","PDO"
"2","ebs.win.sst","0.294454235597495","0.557995344845202","PDO"
"3","EBSsumNW","-0.10314524473132","-0.0929082634611639","PDO"
"4","EBSsumSE","0.0887427884851321","0.120980424999602","PDO"
"5","EBSwinNW","-0.00152981011842123","0.00543541083570659","PDO"
"6","EBSwinSE","0.226163175992677","0.245004856955251","PDO"
"7","ICE_57.75_164.5","0.329150400453618","0.329072660352263","PDO"
"8","ICE_58.75_170.5","0.331630384977679","0.33184289815019","PDO"
"9","ICE_64.25_163.5","0.439072030036927","0.438035204567079","PDO"
