"","variable","acf2","acf1","response"
"1","ssh.mean.spr","0.170304267966834","0.180099332640843","PDO"
"2","ssh.mean.win","0.149239543596012","0.134993456423725","PDO"
"3","sst.mean.spr","0.407779674705647","0.465009924042614","PDO"
"4","sst.mean.win","0.228252477674578","0.225274526375264","PDO"
"5","uw.mean.spr","0.0816225350315266","0.0816170517133074","PDO"
"6","uw.mean.win","0.221738517602655","0.221975467135663","PDO"
