"","variable","acf2","acf1","response"
"1","r_o2","0.613722466236448","0.589018394504608","PDO"
"2","r_salinity","0.50397750637198","0.468967620091701","PDO"
"3","r_temp","0.328012289275673","0.28355214644991","PDO"
