"","variable","acf2","acf1","response"
"1","SBRD.ASSP.PROD","0.46211933526274","0.509095353919374","PDO"
"2","SBRD.BRCO.PROD","0.148357413647972","0.147296115999216","PDO"
"3","SBRD.CAAU.PROD","0.585164443862761","0.586328313476268","PDO"
"4","SBRD.COMU.PROD","-0.100008783996463","-0.097464543859877","PDO"
"5","SBRD.PECO.PROD","0.0943021290169148","0.086483732021031","PDO"
"6","SBRD.PIGO.PROD","-0.115621357069315","-0.132555198310328","PDO"
"7","SBRD.WEGO.PROD","0.599929071625818","0.601455673385892","PDO"
