"","variable","acf2","acf1","response"
"1","bifur","-0.129638581455432","-0.119245497003811","PDO"
"2","spr.sum.sst","0.435680603693417","0.427556054724457","PDO"
"3","spr.sum.UW.48","0.172992465574235","0.17291101859024","PDO"
"4","spr.sum.UW.51","0.00404148152262165","0.00395728049703401","PDO"
"5","transition","0.0963856254576929","0.096220035363813","PDO"
"6","win.sst","0.467803171879973","0.461452695499871","PDO"
"7","win.UW.48","0.129429652317234","0.129691572764692","PDO"
"8","win.UW.51","-0.160256629633556","-0.160161770906876","PDO"
