"","variable","acf2","acf1","response"
"1","Advection","-0.0815920318392612","-0.0652035856089449","PDO"
"2","Downwelling","0.106769161141302","0.103307674657235","PDO"
"3","Freshwater","0.0869360746253635","0.0744106978184182","PDO"
"4","SLP.gradient","0.151226537142917","0.164403456384163","PDO"
"5","SSH","0.195820076467671","0.171897837799105","PDO"
"6","SST","0.362002109564772","0.267074346694773","PDO"
"7","Wind.stress","-0.0163887639087806","-0.0436154602018297","PDO"
