"","variable","acf2","acf1","response"
"1","flathead.sole","0.349202803405775","0.34960152111026","PDO"
"2","pollock","0.132208397307298","0.132224057255369","PDO"
"3","turbot","0.886231082135289","0.886253118655918","PDO"
"4","yellowfin","0.130112621376183","0.129924114808384","PDO"
