"","variable","acf2","acf1","response"
"1","Advection","-0.0799025520817509","-0.065203585608945","PDO"
"2","Downwelling","0.105333786658239","0.103307674657235","PDO"
"3","Freshwater","0.0807149702263415","0.0744106978184182","PDO"
"4","SLP.gradient","0.153700030708924","0.164403456384163","PDO"
"5","SSH","0.199750607247303","0.171897837799105","PDO"
"6","SST","0.0758250363069149","0.267074346694772","PDO"
"7","Wind.stress","-0.0134594389303132","-0.0436154602018297","PDO"
