"","pdo2a","npgo2a"
"Sockeye",170.005586499911,171.865624747355
"Pink",96.0609779336275,94.4886136215326
"Chum",146.604309879036,149.359497081697
