"","pdo2a","npgo2a"
"Sockeye",19.787375031376,19.7203771516144
"Pink",17.8482643610584,17.3936653109462
"Chum",16.866802467565,16.02945875062
