"","pdo2a","npgo2a"
"Sockeye",9.77266685195425,9.85814163315444
"Pink",14.3052588878069,14.8694035581979
"Chum",8.59871952740419,8.14376250414297
