"","pdo2a","npgo2a"
"Sockeye",140.706059866961,141.562221118231
"Pink",84.8535249238424,84.280068305287
"Chum",122.74920866584,123.657953313123
