"","pdo2a","npgo2a"
"Sockeye",168.278013915524,169.122665837172
"Pink",88.7407720023231,90.0877297584855
"Chum",148.727490071191,148.178803558162
