"","pdo2a","npgo2a"
"Sockeye",167.55846127158,168.64114336984
"Pink",88.3381143086342,90.9276250304069
"Chum",146.656799193062,152.987753938296
