"","pdo2a","npgo2a"
"Sockeye",19.8348567667135,20.3911987897752
"Pink",16.5981147574716,17.2624034993639
"Chum",17.4926606970464,15.7632437425946
