"","pdo2a","npgo2a"
"Sockeye",19.4614062532736,20.1429982846486
"Pink",16.2454494610719,17.0326755419577
"Chum",16.3645668393057,17.2295556845942
