"","pdo2a","npgo2a"
"Sockeye",9.87807862473167,9.89092696688372
"Pink",13.8590548682436,14.1632357125482
"Chum",8.47215667893986,8.32948157499192
