"","pdo2a","npgo2a"
"Sockeye",10.2183913095691,10.0624857495764
"Pink",13.8485807959024,14.2822358600141
"Chum",8.50134668544849,8.08596344097715
