"","pdo2a","npgo2a"
"Sockeye",139.198282061777,139.726739907968
"Pink",80.8263528498845,81.0979337880146
"Chum",122.519395897988,124.004056691952
