"","pdo2a","npgo2a"
"Sockeye",139.972309066754,139.774159417557
"Pink",80.4649058159656,80.7815139197259
"Chum",122.491831108412,122.217519890713
